#{"t_start": 1767483684.5690491, "env_id": "None"}
r,l,t
3.043,163,6.625062
-0.953,145,9.404956
5.288,161,12.45253
3.101,147,15.102434
-4.556,158,18.107401
0.333,155,21.000185
-7.732,159,23.883437
6.803,136,26.581835
7.219,151,29.387881
-10.734,178,32.498786
-4.921,163,35.491925
-5.715,191,38.831964
-12.783,141,41.265915
2.44,144,90.007578
-13.869,149,92.592405
3.628,152,95.299146
0.486,174,98.164838
8.685,143,100.408437
6.014,174,103.421926
6.02,169,106.088606
9.039,140,108.2645
8.126,142,110.519468
-17.754,172,113.341473
8.431,161,115.812266
3.82,152,118.045312
6.122,160,120.572532
5.015,134,170.009166
8.062,137,172.178867
2.941,173,174.74936
8.526,147,177.070163
6.742,177,179.616436
2.597,147,181.996403
6.122,158,184.315661
6.14,149,186.602428
2.911,163,188.99269
1.194,149,191.08522
6.217,143,193.222913
3.352,150,195.402806
3.877,151,197.624384
-21.309,201,246.874806
4.87,160,249.129556
2.433,172,251.532653
1.777,166,253.919176
4.674,154,256.092215
0.32,178,258.5866
-0.66,168,261.028138
-16.425,156,263.426951
2.054,152,265.676281
6.288,167,268.169163
5.104,176,270.75528
-4.326,139,272.789637
5.173,147,320.976393
3.582,149,323.180568
8.758,135,324.979527
0.565,168,327.532933
3.291,150,329.694372
4.61,151,331.952821
6.263,168,334.465087
-1.952,187,337.342202
0.523,170,339.808885
6.903,148,341.944013
6.872,146,344.114089
10.303,165,346.5177
-5.204,171,348.856823
5.025,163,398.597174
7.993,146,400.670832
10.768,139,402.738168
5.023,179,405.306287
0.039,144,407.41504
2.865,154,409.564856
2.137,164,411.990876
-5.896,141,413.95183
7.209,145,416.077615
2.466,164,418.419902
10.006,143,420.442175
5.097,144,422.54615
1.76,166,424.884784
6.98,132,426.849384
3.087,161,475.570773
10.67,138,477.510949
5.663,151,479.620767
9.988,169,482.038954
5.271,160,484.439717
2.856,135,486.359814
9.315,160,488.553997
2.928,154,490.757328
-4.657,148,492.798587
5.327,161,495.008496
7.673,163,497.320897
6.837,160,499.67674
7.27,138,501.568583
6.717,149,554.596007
9.823,157,556.858806
8.575,153,559.140981
5.749,127,561.003919
-24.186,159,563.20695
6.446,138,565.209829
1.384,132,567.009884
6.884,150,569.068518
5.651,139,571.042014
4.139,137,572.981662
5.896,149,575.067268
1.533,164,577.364618
8.921,134,579.119189
11.531,147,581.092841
-13.145,140,635.970626
7.211,146,638.083074
1.978,155,640.406499
10.377,136,642.432854
8.737,151,644.601706
11.449,140,646.650986
2.429,152,648.859788
-8.238,155,651.063654
6.554,168,653.452271
6.588,152,655.603303
1.085,142,657.619722
-13.496,155,659.885406
7.672,161,662.161433
8.166,136,664.038007
7.044,168,718.970036
4.192,151,721.155663
5.199,145,723.254392
5.694,139,725.186917
4.308,155,727.368918
4.406,154,729.617482
9.403,153,731.813227
5.73,146,733.895497
6.002,162,736.28739
8.007,142,738.307695
8.511,153,740.493205
6.601,139,742.440328
4.963,146,744.539809
2.728,153,746.737868
11.07,161,807.235
6.736,141,809.305703
7.133,142,811.383223
2.147,180,813.860845
5.428,150,815.950847
11.992,133,817.796889
9.38,151,819.903427
8.415,141,821.895139
5.42,149,824.116462
5.125,148,826.236668
2.944,143,828.17905
4.325,151,830.389681
7.558,148,832.477153
7.214,140,893.733932
8.881,143,895.797381
3.929,147,897.946283
9.635,135,899.796753
8.322,150,901.904996
5.7,170,904.372678
12.064,160,906.70617
8.785,135,908.668642
7.312,143,910.715174
9.753,142,912.712637
9.587,120,914.41456
9.247,177,916.831664
7.75,161,918.982648
6.288,145,921.069273
9.671,149,984.393847
10.126,145,986.535104
6.738,139,988.402249
1.392,150,990.524065
6.562,141,992.679178
7.185,159,994.898618
7.515,131,996.735816
1.374,156,999.071861
-18.89,153,1001.283548
-42.632,141,1003.286253
5.439,142,1005.31887
7.821,135,1007.275586
5.941,145,1009.239771
5.952,146,1011.277591
6.756,139,1077.089146
6.586,127,1078.836102
5.995,140,1080.840114
5.533,148,1082.887782
8.112,157,1085.163793
0.581,154,1087.345537
8.269,142,1089.459097
3.423,148,1091.541532
6.882,153,1093.66822
10.867,154,1095.852275
-10.416,145,1097.871548
6.175,143,1099.874429
-7.432,157,1102.17237
4.121,147,1104.206581
6.55,142,1169.942337
10.213,157,1172.194964
8.943,144,1174.167811
12.659,167,1176.700175
10.998,152,1178.957036
11.49,171,1181.264401
-11.145,159,1183.485261
5.814,149,1185.595299
-4.161,155,1187.863012
6.48,143,1189.922137
7.153,155,1192.046547
5.604,173,1194.374216
3.016,153,1196.51064
6.834,151,1198.688867
3.374,153,1261.538138
7.904,135,1263.472994
6.549,122,1265.103007
7.473,141,1267.026766
7.124,155,1269.172117
9.717,141,1271.170728
8.727,151,1273.329092
5.117,144,1275.396715
3.837,130,1277.264311
3.883,155,1279.480355
8.817,160,1281.786741
9.906,149,1283.989338
7.593,155,1286.215666
4.25,166,1352.633476
7.69,144,1354.666132
6.713,138,1356.657449
8.903,166,1358.970441
-5.657,138,1360.915983
7.419,141,1362.885433
5.081,153,1365.091648
2.395,149,1367.246238
8.55,153,1369.444393
6.292,140,1371.453544
10.107,151,1373.665019
7.466,144,1375.65905
6.22,139,1377.695026
6.6,133,1379.574105
4.316,158,1444.934569
8.538,155,1447.078746
6.997,177,1449.527966
8.238,150,1451.63645
7.345,156,1453.95783
10.344,154,1456.041793
7.277,160,1458.443521
10.097,141,1460.378227
9.714,154,1462.579921
10.297,131,1464.482614
6.698,144,1466.487005
6.947,153,1468.656358
-6.872,152,1470.875962
6.589,125,1472.643396
9.311,154,1538.562425
-14.408,143,1540.537065
-48.4,157,1542.92667
-16.522,166,1545.364491
7.732,149,1547.501537
10.891,144,1549.597962
3.18,152,1551.736346
9.607,147,1553.821559
9.64,160,1556.163677
10.352,153,1558.265234
6.247,148,1560.414657
8.177,171,1562.706805
5.711,160,1564.997416
10.593,169,1632.510314
8.11,146,1634.622404
10.071,138,1636.600066
7.788,146,1638.655571
6.745,143,1640.587461
6.463,166,1642.944085
9.583,154,1645.113567
9.385,168,1647.451613
-16.768,158,1649.821696
-7.399,138,1651.886998
8.923,162,1654.134589
9.197,133,1655.97919
10.308,153,1658.494303
9.737,142,1660.585345
10.546,142,1728.307863
10.292,135,1730.219536
7.106,166,1732.696872
7.249,144,1734.748739
6.144,151,1736.940226
5.371,154,1739.164454
10.16,140,1741.149785
6.565,123,1742.931664
1.264,158,1745.225087
-7.201,141,1747.282712
7.933,162,1749.514704
3.339,173,1752.031491
9.829,152,1754.181651
8.015,130,1756.07732
7.507,151,1825.074578
7.06,177,1827.521238
9.688,148,1829.54761
7.373,148,1831.62932
-12.701,155,1833.836497
6.239,153,1836.053661
6.39,144,1838.132545
4.523,145,1840.061695
10.863,138,1841.989058
9.594,149,1844.075745
6.42,161,1846.41959
7.389,144,1848.477794
6.941,140,1850.335788
7.812,143,1918.459893
7.962,149,1920.623257
9.556,155,1922.874843
7.583,150,1924.943845
8.659,152,1927.104374
9.582,149,1929.099638
8.723,142,1931.080031
9.324,134,1932.980614
6.361,150,1935.141264
7.338,155,1937.285576
7.816,156,1939.391344
10.142,140,1941.347041
10.0,153,1943.482223
4.51,146,1945.616743
10.981,147,2014.648536
-11.299,164,2017.015206
9.828,142,2019.143617
11.456,125,2020.843591
8.168,149,2022.888103
10.665,142,2024.931459
8.191,160,2027.182516
10.765,141,2029.201539
8.113,146,2031.264065
9.316,128,2033.08866
9.59,156,2035.311434
8.21,136,2037.245694
-2.688,154,2039.36459
4.396,150,2041.535775
4.567,144,2109.024387
7.18,148,2111.124768
8.233,150,2113.288685
8.282,151,2115.401557
11.288,157,2117.692528
5.787,143,2119.747803
8.38,134,2121.684894
9.237,131,2123.643787
7.928,124,2125.356134
3.581,151,2127.490268
6.859,152,2129.623214
10.462,145,2131.753607
8.307,155,2133.964708
7.086,136,2135.843611
9.566,164,2204.713663
8.284,157,2206.885217
6.831,149,2208.97581
10.122,131,2210.897922
7.932,148,2213.027851
9.884,150,2215.178329
6.061,160,2217.546115
8.032,149,2219.709264
11.588,141,2221.686283
5.111,153,2223.888173
11.622,159,2226.051165
7.998,142,2227.9978
-40.723,142,2230.010457
7.728,138,2231.904239
10.167,125,2300.693915
5.678,161,2302.894928
11.297,163,2305.194529
6.871,137,2307.07661
8.699,151,2309.072487
2.79,157,2311.301057
7.41,134,2313.188162
12.241,174,2315.719026
7.278,152,2317.858653
1.743,158,2320.091896
8.658,157,2322.303253
5.652,150,2324.457799
5.593,146,2326.514813
7.548,140,2328.423089
9.168,155,2404.419606
10.114,154,2406.511522
12.397,151,2408.680673
4.064,142,2410.640412
5.949,135,2412.481318
2.012,143,2414.476594
6.971,143,2416.48623
2.256,149,2418.527472
12.008,166,2420.998302
7.819,146,2422.933923
7.162,145,2424.95642
11.114,161,2427.231707
3.326,158,2429.382486
4.085,142,2431.286711
9.297,157,2509.208691
9.478,160,2511.649636
8.618,137,2513.707793
11.351,144,2515.752276
6.272,156,2517.958694
6.787,135,2519.922623
9.81,143,2521.9842
7.749,141,2523.961076
10.06,156,2526.129177
5.973,141,2528.163892
6.267,152,2530.295281
8.03,140,2532.37114
9.656,150,2534.402167
11.347,143,2536.321639
6.584,132,2616.041711
5.275,139,2618.023202
3.144,173,2620.426122
8.78,147,2622.50742
6.216,144,2624.576506
5.512,136,2626.473729
7.556,156,2628.573142
9.914,154,2630.731952
8.583,164,2633.083979
7.061,151,2635.274929
5.497,137,2637.155917
4.692,145,2639.154821
6.722,152,2641.233489
6.134,136,2724.881819
8.369,138,2726.722749
7.891,145,2728.686012
11.128,168,2730.942415
8.861,155,2733.105476
11.148,137,2735.110693
9.387,141,2737.076751
8.666,156,2739.174531
8.114,146,2741.217334
7.155,158,2743.475327
-19.77,150,2745.58521
7.003,170,2747.978878
8.437,133,2749.845302
12.322,152,2752.056859
10.321,146,2836.1185
5.634,144,2838.236673
7.153,129,2840.0411
9.489,145,2842.094049
7.19,146,2844.192242
7.574,138,2846.099833
9.859,151,2848.274046
7.089,140,2850.18743
5.896,151,2852.322199
7.545,131,2854.09998
12.26,165,2856.429486
10.931,160,2858.664703
9.796,144,2860.693483
10.175,152,2862.793129
9.432,138,2947.741171
6.296,147,2949.864527
-13.317,142,2951.734208
9.935,136,2953.664591
7.488,135,2955.515992
8.6,138,2957.416079
-15.292,157,2959.68959
10.98,160,2962.023565
7.825,161,2964.292744
6.707,168,2966.556816
8.794,155,2968.849818
8.247,156,2970.950164
9.356,143,2972.912253
10.817,142,2974.962001
8.712,154,3067.458971
7.018,165,3069.75478
10.863,141,3071.686228
9.656,138,3073.668916
10.81,162,3075.862485
7.758,147,3077.832442
6.855,134,3079.731004
8.283,149,3081.77986
11.447,145,3083.885211
10.501,154,3086.024916
10.108,165,3088.197489
11.776,153,3090.417872
10.096,135,3092.275692
9.056,151,3094.354227
9.567,156,3183.961147
12.224,161,3186.140428
-19.94,167,3188.492186
7.659,135,3190.455978
10.354,153,3192.622285
7.181,134,3194.480531
6.074,145,3196.557495
10.332,145,3198.546143
7.923,138,3200.424792
-14.504,135,3202.335947
11.804,145,3204.343136
8.938,149,3206.459639
4.281,129,3208.321077
6.967,139,3210.207101
10.043,155,3298.428532
4.044,139,3300.349159
5.734,133,3302.179563
6.934,156,3304.264773
6.58,134,3306.068665
6.878,133,3307.897253
6.422,152,3310.194277
7.392,146,3312.173593
11.226,147,3314.10515
8.635,135,3316.081934
-5.301,157,3318.341448
5.965,141,3320.28761
9.458,147,3322.355194
5.189,150,3324.451242
7.88,137,3415.016421
11.42,179,3417.453024
8.278,156,3419.64491
8.203,150,3421.72164
6.541,128,3423.442012
6.477,143,3425.311653
9.149,151,3427.35284
10.631,159,3429.556899
5.559,164,3431.783868
3.958,150,3433.897975
9.831,135,3435.824552
8.996,154,3438.025254
9.98,157,3440.168143
10.286,156,3535.577794
10.043,141,3537.487875
11.287,151,3539.634356
10.027,159,3541.826934
6.396,149,3543.995113
5.326,143,3546.041587
9.506,145,3547.94552
5.214,159,3550.202416
8.552,127,3551.949583
6.679,142,3553.890592
9.464,156,3555.993275
8.625,151,3558.04931
5.708,134,3559.854826
4.856,153,3561.887263
12.219,150,3658.170804
8.57,144,3660.136436
6.937,142,3662.062273
-0.184,154,3664.135813
9.079,151,3666.272263
5.572,156,3668.476996
9.401,139,3670.410815
-29.225,143,3672.423672
3.916,127,3674.128342
8.178,137,3675.997796
9.338,156,3678.205664
9.756,145,3680.174364
9.136,150,3682.243514
9.694,148,3684.342721
7.512,149,3774.020421
9.44,143,3776.020847
10.87,151,3778.222298
6.884,150,3780.185498
10.077,145,3782.305631
9.025,142,3784.245364
9.402,149,3786.269242
9.379,151,3788.301715
8.415,141,3790.320395
9.566,163,3792.572863
9.114,147,3794.725572
11.892,160,3796.948816
10.118,137,3798.815087
5.368,155,3800.967591
8.29,146,3895.559746
6.672,138,3897.489255
6.563,148,3899.601191
9.437,121,3901.301986
5.852,167,3903.545258
7.682,142,3905.454793
10.485,125,3907.11731
9.913,124,3908.86344
9.509,131,3910.653557
-5.731,146,3912.755821
8.953,133,3914.654485
11.976,123,3916.356793
8.658,148,3918.355834
8.283,171,3920.668202
8.009,150,3922.783221
10.396,137,4015.482139
8.882,137,4017.324853
7.001,138,4019.255002
9.338,153,4021.378436
11.801,155,4023.508593
11.171,156,4025.697156
8.929,131,4027.561272
-15.756,132,4029.427959
10.993,152,4031.449284
5.909,153,4033.608507
4.436,136,4035.481593
6.141,151,4037.582645
7.898,153,4039.635627
9.359,148,4041.719205
11.721,160,4139.348094
8.268,150,4141.457026
7.678,143,4143.489399
7.529,143,4145.396871
9.955,136,4147.30754
7.764,161,4149.464452
7.343,144,4151.450579
10.56,147,4153.490897
7.535,146,4155.427945
-14.858,155,4157.646712
7.66,155,4159.772748
9.925,138,4161.715458
6.023,150,4163.778512
7.449,138,4165.635437
6.525,136,4265.738298
9.168,143,4267.653367
8.415,143,4269.585452
10.408,150,4271.610469
7.263,165,4273.859514
6.818,150,4275.898595
6.965,127,4277.656247
10.271,146,4279.671402
13.701,145,4281.691774
6.958,168,4284.034849
11.331,138,4286.02199
10.303,148,4287.994124
6.967,163,4290.265524
6.567,132,4292.099939
10.343,161,4401.079508
10.94,124,4402.81013
9.177,129,4404.544795
5.528,145,4406.543165
7.46,166,4408.697034
11.384,140,4410.589755
8.966,140,4412.565272
5.195,149,4414.476599
8.334,143,4416.471384
10.17,157,4418.615857
11.419,152,4420.692793
9.49,142,4422.640805
9.194,170,4424.945443
10.56,149,4427.03719
9.1,139,4536.601589
5.751,154,4538.700792
10.152,137,4540.602121
5.768,151,4542.720288
11.375,140,4544.701209
7.462,148,4546.856774
10.538,155,4548.957569
-8.894,144,4550.967635
10.794,142,4552.961107
7.997,150,4555.05147
6.256,147,4556.961734
4.678,155,4559.070311
7.22,133,4560.869637
9.94,150,4562.884926
7.998,155,4672.845854
7.702,136,4674.763624
9.271,133,4676.598188
10.902,157,4678.664767
14.44,155,4680.786674
10.13,156,4682.997382
10.076,156,4685.191475
5.993,137,4687.241829
11.866,158,4689.334015
8.215,133,4691.196048
10.484,145,4693.207369
3.804,135,4695.172604
6.623,144,4697.138362
8.115,135,4698.996581
-19.36,131,4812.01988
1.968,133,4813.823556
10.403,144,4815.802903
4.905,142,4817.740751
8.477,133,4819.558444
10.942,143,4821.494903
12.76,146,4823.550628
8.497,154,4825.663803
7.862,147,4827.632092
10.81,132,4829.439596
3.903,141,4831.333826
1.995,168,4833.609432
8.976,138,4835.610707
9.84,157,4837.786798
9.109,146,4948.397058
8.141,140,4950.310772
9.941,166,4952.573184
9.932,144,4954.524341
11.026,140,4956.454179
7.912,154,4958.576046
9.441,171,4961.031752
5.559,141,4962.945249
9.706,146,4964.870077
8.345,149,4966.958346
7.622,140,4968.89454
8.643,133,4970.727407
8.357,154,4972.828026
10.379,133,4974.570552
12.165,144,5084.160559
6.884,148,5086.159328
10.108,135,5087.992876
8.527,151,5090.169054
12.069,159,5092.41542
7.571,141,5094.348278
8.466,136,5096.247531
11.13,132,5098.099723
9.173,144,5100.200664
7.318,139,5102.195267
11.093,159,5104.312844
2.887,140,5106.281994
12.786,155,5108.38129
11.094,147,5110.368407
11.506,136,5219.977045
9.501,170,5222.278488
7.697,157,5224.465085
6.731,128,5226.247704
10.246,158,5228.273192
11.986,159,5230.368761
6.727,152,5232.42535
11.169,163,5234.619823
12.855,156,5236.679023
-9.31,141,5238.538997
8.51,149,5240.546299
9.42,142,5242.587262
10.503,149,5244.668786
-2.558,160,5362.198612
7.635,150,5364.345583
7.758,155,5366.416043
5.945,159,5368.529767
6.574,148,5370.569714
10.936,158,5372.703768
10.886,149,5374.728952
12.604,145,5376.696024
8.34,167,5379.018132
8.254,149,5380.982531
10.806,140,5382.988376
9.545,166,5385.280386
10.456,147,5387.176974
9.077,155,5389.338335
10.217,136,5504.356101
9.407,156,5506.361526
7.196,152,5508.427293
8.523,136,5510.35284
7.924,165,5512.516372
5.889,172,5514.833962
8.97,130,5516.652895
9.416,143,5518.633984
9.009,149,5520.695682
6.932,165,5523.120557
10.944,155,5525.282675
9.747,137,5527.148653
7.248,162,5529.272675
9.835,161,5645.528938
5.95,160,5647.696982
10.032,139,5649.59468
7.986,129,5651.415144
8.006,134,5653.182605
7.002,146,5655.177883
11.339,185,5657.641931
11.455,142,5659.616808
10.009,155,5661.604635
10.691,159,5663.693292
6.499,145,5665.601591
4.202,128,5667.332805
11.02,165,5669.545162
10.226,140,5671.516179
9.133,138,5792.357906
12.348,152,5794.40357
10.55,160,5796.610208
-40.252,133,5798.503919
-7.36,146,5800.481369
9.746,133,5802.270281
8.794,144,5804.272586
8.081,152,5806.320283
6.795,134,5808.115177
10.383,150,5810.160572
12.631,166,5812.415608
10.479,153,5814.40834
8.742,133,5816.269037
7.483,152,5818.246121
7.646,139,5936.033768
7.107,137,5938.009939
-6.105,155,5940.135416
8.038,135,5942.001869
10.451,171,5944.374001
7.607,160,5946.536555
11.179,157,5948.744682
10.402,146,5950.743415
8.235,155,5952.813262
11.964,146,5954.805396
7.943,141,5956.709348
8.357,146,5958.737687
6.722,165,5961.0727
4.932,163,5963.30351
9.275,147,6085.896391
10.014,132,6087.776873
8.874,139,6089.636011
9.576,150,6091.738953
10.684,146,6093.828672
11.236,148,6095.881897
7.803,154,6098.013025
7.97,142,6099.936083
8.652,150,6101.96331
6.061,166,6104.239899
7.403,142,6106.103224
8.719,167,6108.348577
10.211,144,6110.296371
11.831,145,6112.337763
3.032,130,6233.786463
10.004,146,6235.836463
9.022,136,6237.698339
18.491,289,6241.713876
13.374,163,6243.916426
10.379,167,6246.138965
11.401,137,6248.038352
11.629,141,6249.971654
5.505,138,6251.841369
11.957,168,6254.171009
10.518,130,6255.942017
6.638,144,6257.86813
8.466,141,6259.840238
9.465,137,6384.746069
8.179,146,6386.746266
7.242,137,6388.612418
9.151,162,6390.752971
10.669,145,6392.694388
11.659,155,6394.830498
8.634,148,6396.790172
10.426,140,6398.648979
9.769,151,6400.713718
8.571,136,6402.601994
7.509,160,6404.85295
11.437,140,6406.693828
14.282,163,6408.891768
7.174,141,6410.818707
10.296,134,6534.098406
9.133,150,6536.170412
11.945,149,6538.186292
13.688,163,6540.415478
9.108,133,6542.218837
7.202,133,6543.971596
10.44,148,6546.04278
11.369,162,6548.304311
9.769,151,6550.301993
7.327,152,6552.341779
6.691,142,6554.251617
12.063,154,6556.311426
11.005,158,6558.520672
12.175,171,6678.243309
-12.002,143,6680.222868
9.939,148,6682.284052
7.099,152,6684.414387
10.672,157,6686.52809
7.743,148,6688.542239
10.678,153,6690.718539
9.417,156,6692.893883
5.406,139,6694.825264
11.8,153,6696.989631
10.928,161,6699.092218
10.628,155,6701.146421
5.389,139,6702.975525
3.51,136,6704.808087
6.093,136,6824.65751
10.524,145,6826.597549
4.487,149,6828.560467
12.937,155,6830.552798
11.149,148,6832.557049
11.903,169,6834.761403
5.56,136,6836.518147
8.746,175,6838.874727
9.3,140,6840.794333
9.254,157,6843.034966
7.243,154,6845.131773
11.003,133,6846.893878
8.736,144,6848.82163
9.948,158,6850.954716
10.984,153,6976.285193
10.56,125,6978.012919
10.827,181,6980.404922
9.489,154,6982.46932
10.843,148,6984.488456
12.835,169,6986.703751
5.251,175,6989.006277
6.323,141,6990.96886
10.872,156,6993.237355
10.129,151,6995.248446
6.929,143,6997.206414
9.223,144,6999.184283
11.357,172,7001.591613
9.271,149,7122.19479
11.281,158,7124.228868
7.456,153,7126.324893
12.24,172,7128.63467
9.557,128,7130.390249
12.578,166,7132.555941
9.518,157,7134.662175
7.054,142,7136.606452
-5.284,179,7139.044565
8.044,155,7141.07634
10.236,150,7143.164779
11.944,157,7145.256454
11.308,148,7147.340971
9.116,149,7273.81246
9.67,128,7275.591227
6.946,147,7277.48504
9.706,145,7279.32494
10.179,157,7281.436204
10.273,141,7283.276325
8.531,179,7285.708282
8.966,136,7287.471173
11.955,157,7289.657161
5.425,172,7292.005365
9.479,152,7293.97488
13.24,176,7296.367571
4.714,162,7298.523816
9.804,145,7430.397291
9.632,153,7432.511807
11.492,156,7434.63611
-6.993,153,7436.731323
6.87,137,7438.622265
9.408,135,7440.493366
9.846,151,7442.552165
9.122,150,7444.674367
11.187,152,7446.805156
8.196,142,7448.844494
8.29,148,7450.910076
10.036,146,7452.93737
7.618,151,7454.911711
10.792,151,7456.881947
8.727,147,7587.107013
12.11,170,7589.424624
10.427,145,7591.471336
3.918,163,7593.669651
9.476,164,7595.992819
10.138,147,7598.000456
8.975,140,7599.827003
6.799,121,7601.506217
10.477,142,7603.418907
7.361,154,7605.54081
8.715,166,7607.724436
10.467,161,7609.95753
10.406,166,7612.279201
8.524,160,7614.468568
11.271,152,7745.073729
8.414,154,7747.180776
8.503,153,7749.24421
9.609,145,7751.215107
10.225,151,7753.275315
4.695,137,7755.068777
5.095,131,7756.789176
9.802,168,7759.035181
11.67,153,7761.196055
-6.072,154,7763.279181
10.472,140,7765.1325
7.685,155,7767.226351
11.728,132,7768.961017
7.203,141,7770.849226
9.221,148,7902.649214
6.562,153,7904.712512
12.574,154,7906.73399
10.416,166,7908.911441
11.49,148,7910.983867
5.582,130,7912.674787
11.036,140,7914.644502
11.55,153,7916.604779
9.575,149,7918.497116
12.156,150,7920.498883
8.946,160,7922.789062
6.49,155,7924.933173
11.942,164,7927.153637
10.7,161,8055.280014
10.68,154,8057.386035
10.733,156,8059.57477
8.271,154,8061.641141
9.149,142,8063.646867
10.138,164,8065.896698
10.071,165,8068.262293
8.114,147,8070.203873
7.464,175,8072.432591
10.217,142,8074.354119
8.363,154,8076.387981
9.501,151,8078.512251
7.454,182,8080.916306
10.161,156,8210.660526
9.904,128,8212.355945
12.709,156,8214.553365
8.678,152,8216.639671
11.815,153,8218.752187
10.69,145,8220.805002
10.741,143,8222.722164
10.666,135,8224.526801
9.87,143,8226.495766
10.69,145,8228.514435
10.663,154,8230.581901
12.081,150,8232.64208
5.234,126,8234.373468
9.488,153,8236.453866
10.787,136,8366.62662
11.7,150,8368.530056
11.047,181,8371.050061
12.845,162,8373.159185
12.35,171,8375.39873
10.62,131,8377.105722
9.367,155,8379.144444
10.075,124,8380.805876
8.538,140,8382.773362
9.29,148,8384.863133
12.172,148,8386.819177
10.37,162,8389.013059
11.142,157,8391.013845
-5.876,156,8393.189302
10.482,133,8519.647951
10.085,155,8521.816508
7.09,153,8523.905572
8.62,148,8525.957189
3.789,157,8528.100689
7.718,152,8530.086472
8.059,143,8532.041131
13.321,171,8534.317622
9.929,160,8536.485228
9.468,135,8538.27784
7.795,157,8540.496886
6.306,156,8542.60283
3.281,132,8544.357082
6.843,161,8673.572217
10.71,136,8675.398839
10.232,146,8677.40838
10.105,146,8679.455421
10.078,175,8682.025041
10.081,122,8683.706534
11.715,136,8685.560304
12.599,169,8687.763165
-4.102,156,8689.854896
9.576,150,8691.889686
12.438,155,8694.04561
8.763,156,8696.203549
10.955,154,8698.395704
8.238,141,8700.273054
12.593,159,8834.302057
10.999,149,8836.343119
9.884,153,8838.394903
10.427,158,8840.523736
6.051,149,8842.570014
9.92,165,8844.785103
7.665,170,8847.046051
7.598,159,8849.306927
9.597,131,8851.151107
11.29,150,8853.15806
10.951,175,8855.635976
11.176,151,8857.700136
7.325,147,8859.736336
11.195,154,8994.346565
8.211,149,8996.38562
9.463,137,8998.292432
10.866,180,9000.656492
11.538,164,9002.805438
7.591,134,9004.602207
11.593,147,9006.576375
-15.848,144,9008.581988
12.094,158,9010.733628
11.727,136,9012.673305
11.678,156,9014.857817
11.512,142,9016.82407
7.936,175,9019.231441
9.488,163,9021.438248
9.928,130,9155.226132
8.468,171,9157.542633
11.376,169,9159.818509
9.085,139,9161.699448
11.793,157,9163.789021
7.083,158,9165.932104
10.323,141,9167.787338
7.38,138,9169.619619
6.114,141,9171.53709
10.054,154,9173.590348
8.233,163,9175.884398
9.289,156,9178.041995
11.995,151,9180.120954
11.942,152,9319.637691
9.164,145,9321.579277
10.784,149,9323.595176
9.129,176,9325.981728
8.697,159,9328.134856
11.667,142,9330.113604
11.342,145,9332.103715
8.436,138,9333.948452
-3.382,131,9335.718032
8.252,148,9337.743646
10.246,144,9339.6817
9.335,166,9342.001445
7.893,142,9343.857645
11.86,153,9345.952966
9.308,155,9483.224288
3.808,142,9485.029959
11.006,149,9486.953398
9.14,158,9489.000244
11.774,173,9491.291234
12.259,151,9493.29057
11.654,133,9495.086449
9.762,142,9497.028896
9.281,167,9499.336431
7.63,143,9501.323181
9.423,159,9503.41231
10.379,146,9505.350945
9.258,151,9507.368662
11.575,140,9641.098693
8.232,132,9642.821818
8.867,156,9644.889027
10.866,152,9647.027579
7.895,145,9648.97213
11.268,144,9650.847566
8.232,165,9653.218846
12.36,160,9655.434643
7.149,166,9657.598398
8.832,140,9659.499216
10.04,141,9661.447443
12.161,146,9663.354827
9.154,144,9665.324649
11.79,131,9667.15905
10.236,173,9802.967569
11.128,148,9804.950787
10.972,164,9807.134809
10.746,148,9809.159247
10.791,155,9811.268211
2.958,151,9813.312603
10.013,158,9815.469698
8.033,160,9817.53083
7.619,163,9819.623452
9.571,160,9821.786357
7.155,157,9823.826598
7.144,141,9825.735014
7.812,154,9827.776705
9.994,151,9964.181592
9.243,150,9966.370815
7.945,147,9968.357312
11.359,134,9970.278656
2.958,157,9972.391629
8.901,161,9974.475984
3.913,145,9976.519671
11.892,142,9978.412994
11.818,173,9980.731668
9.659,143,9982.592054
6.861,152,9984.637013
9.829,150,9986.577993
12.559,152,9988.589847
10.659,152,9990.62186
11.75,151,10132.002308
8.126,142,10133.888322
10.238,142,10135.743903
8.485,171,10138.051577
9.186,153,10140.139819
11.915,149,10142.095376
10.589,154,10144.243482
7.606,150,10146.342173
10.925,152,10148.433192
8.123,172,10150.70874
7.63,170,10153.108233
7.34,137,10154.944198
9.833,156,10157.119708
7.881,128,10298.637236
7.322,173,10300.959126
11.812,151,10302.872124
10.155,166,10305.039912
10.14,163,10307.222353
6.219,164,10309.409991
5.446,155,10311.52744
8.664,154,10313.705823
11.328,166,10315.973737
11.11,156,10318.052485
13.711,162,10320.224096
8.579,159,10322.382403
7.797,156,10324.39573
11.429,147,10467.594255
7.326,173,10469.966846
12.171,157,10472.068025
9.578,148,10473.994581
12.187,153,10475.949302
10.753,144,10477.810996
12.799,157,10479.896048
11.261,153,10482.014768
9.354,152,10484.143892
10.725,147,10486.045731
7.358,145,10487.996772
1.279,154,10490.034795
14.846,176,10492.443438
8.224,164,10638.711148
4.333,162,10640.811614
9.319,172,10643.001538
9.279,159,10645.2384
12.39,162,10647.503205
10.116,142,10649.381179
12.384,153,10651.444385
9.561,146,10653.358867
13.203,166,10655.476438
10.73,133,10657.236369
12.571,138,10659.191895
12.38,141,10661.053591
6.248,163,10663.165942
11.276,167,10665.408686
10.715,130,10809.148285
-12.306,148,10811.220024
9.501,145,10813.229291
7.018,154,10815.359528
10.48,163,10817.552122
9.851,157,10819.604638
12.06,163,10821.766346
6.398,166,10824.063864
7.353,145,10826.07847
12.602,166,10828.441282
11.823,134,10830.266202
2.965,142,10832.164103
10.698,153,10834.145389
11.192,162,10981.142029
10.174,136,10983.066574
11.261,140,10984.955817
6.224,180,10987.384259
13.628,170,10989.654412
9.447,174,10991.945527
8.626,135,10993.749179
10.18,140,10995.548345
10.134,158,10997.777945
10.857,163,11000.070196
8.514,159,11002.133776
12.66,173,11004.457081
11.556,146,11006.342668
12.743,157,11153.384968
10.775,143,11155.410551
5.976,152,11157.497097
7.392,153,11159.539362
11.366,163,11161.718796
11.606,131,11163.495175
10.874,143,11165.37495
7.243,134,11167.15829
8.08,154,11169.284562
7.778,146,11171.284433
7.441,140,11173.157235
12.849,173,11175.597249
6.87,159,11177.719328
11.334,140,11179.630652
11.404,133,11327.857645
9.523,152,11330.01858
-10.179,142,11331.97918
2.217,155,11334.038242
7.807,146,11335.942563
-2.378,181,11338.335936
7.561,139,11340.207004
12.409,155,11342.323478
11.532,148,11344.475946
8.741,157,11346.647334
10.319,146,11348.529482
6.26,178,11350.948213
11.085,152,11353.069991
10.846,167,11502.047505
6.742,144,11503.977811
11.917,144,11505.903417
9.098,155,11507.981638
10.213,130,11509.824203
9.649,148,11511.771803
10.633,140,11513.576552
6.289,148,11515.738066
9.979,169,11518.157315
9.103,146,11520.063249
8.075,176,11522.47831
10.551,128,11524.153903
9.822,146,11526.110674
12.249,165,11528.387755
7.96,172,11679.3722
11.359,161,11681.43993
10.535,129,11683.172677
10.719,145,11685.191531
8.332,148,11687.188596
7.865,125,11688.848151
11.07,151,11690.929483
9.375,151,11693.003663
10.178,145,11695.072893
12.367,179,11697.572001
11.4,148,11699.664619
10.8,114,11701.256473
12.718,155,11703.397654
0.429,157,11705.515097
11.371,167,11851.404314
8.845,172,11853.75618
-5.115,170,11856.090822
8.201,150,11858.093705
4.898,168,11860.371881
11.546,159,11862.5651
9.071,127,11864.305995
8.438,131,11866.147946
-1.582,160,11868.321558
8.339,144,11870.305457
8.467,149,11872.330404
4.77,143,11874.287245
11.699,161,11876.462698
9.09,145,12024.910826
-18.977,155,12027.073036
11.142,177,12029.438247
10.008,146,12031.472102
10.183,161,12033.695215
11.23,130,12035.433285
11.335,160,12037.587328
10.408,154,12039.706163
8.575,139,12041.626169
7.647,152,12043.755491
9.262,143,12045.730744
10.722,137,12047.588289
11.474,157,12049.739178
8.476,145,12051.746511
10.816,137,12195.816573
8.056,141,12197.702824
-5.018,149,12199.734692
8.534,152,12201.814467
11.422,141,12203.646235
10.869,141,12205.473814
7.315,156,12207.55994
8.312,169,12209.715925
9.694,156,12211.724173
-6.016,170,12213.979934
10.825,139,12215.776899
6.995,151,12217.749138
11.286,165,12219.985608
9.137,153,12366.167159
10.525,139,12368.048832
10.919,152,12370.142242
9.059,163,12372.305329
11.96,161,12374.371911
9.434,154,12376.315921
11.998,145,12378.312184
10.876,137,12380.238729
10.006,172,12382.413191
9.74,155,12384.542452
-10.33,123,12386.184618
5.655,153,12388.187982
11.061,177,12390.542442
9.053,138,12392.437606
8.804,127,12537.879647
9.983,149,12539.916519
13.002,164,12542.125715
10.021,173,12544.442219
7.5,161,12546.615884
11.405,161,12548.804158
10.938,156,12550.923679
11.275,155,12553.017637
4.924,153,12555.056942
9.858,136,12556.884875
10.436,148,12558.825093
10.528,163,12561.051074
10.12,128,12562.834951
9.505,138,12709.086716
12.271,149,12711.120378
10.174,157,12713.225917
10.67,138,12714.990263
12.687,155,12717.063144
7.993,143,12719.012803
8.954,173,12721.38291
9.236,149,12723.341182
8.819,151,12725.296076
9.863,152,12727.287293
12.324,171,12729.642715
10.483,150,12731.62335
8.422,145,12733.535333
7.154,147,12735.546232
11.633,155,12883.940216
9.851,145,12885.888904
12.053,174,12888.197042
11.066,150,12890.128753
10.078,156,12892.251477
10.444,175,12894.571226
9.12,167,12896.890002
10.27,142,12898.790404
10.14,144,12900.705518
6.514,153,12902.747871
11.005,142,12904.724531
11.13,161,12906.842401
9.41,136,12908.643769
8.782,148,13055.062959
11.733,151,13057.098743
9.945,145,13059.156656
6.251,160,13061.339515
10.886,135,13063.18901
11.728,160,13065.307256
11.723,173,13067.663061
9.756,152,13069.754123
12.404,161,13071.783149
11.16,142,13073.823543
10.903,152,13075.908391
9.398,142,13077.817321
11.602,156,13079.812661
8.888,138,13081.699406
13.881,180,13229.426694
7.285,148,13231.478184
13.23,167,13233.815826
8.792,144,13235.741845
11.786,149,13237.771598
12.157,146,13239.700151
9.341,129,13241.387942
11.0,142,13243.215482
-0.819,155,13245.332769
11.027,140,13247.221664
8.301,133,13248.974291
10.206,160,13251.12211
8.208,142,13253.098725
10.221,161,13401.781747
6.718,141,13403.725106
7.547,147,13405.683951
11.99,151,13407.749443
9.258,164,13409.950139
9.534,160,13412.103274
8.944,167,13414.432873
11.735,155,13416.537113
10.349,151,13418.600122
6.532,140,13420.406372
9.37,155,13422.522143
11.068,147,13424.476711
8.614,136,13426.345392
7.984,180,13428.745406
10.293,163,13576.055053
6.361,126,13577.680242
9.074,133,13579.48086
11.742,167,13581.583062
8.742,155,13583.722013
10.002,149,13585.800261
10.744,152,13587.905122
9.266,172,13590.234671
13.253,160,13592.392327
12.008,168,13594.704391
10.552,167,13597.013572
10.468,141,13598.887735
10.493,148,13600.980313
8.867,157,13747.473227
11.564,159,13749.600531
8.559,157,13751.717591
13.798,171,13754.052994
11.805,148,13756.018153
9.819,154,13758.132548
11.378,133,13760.076276
8.221,157,13762.306932
8.635,144,13764.273344
1.301,151,13766.394135
7.605,150,13768.413893
8.845,148,13770.309475
12.455,168,13772.576708
11.439,155,13917.576904
8.4,162,13919.755104
8.503,149,13921.75973
12.352,154,13923.887141
8.066,139,13925.786172
12.161,168,13928.224564
8.717,143,13930.042472
10.759,144,13931.939477
11.28,152,13933.974139
9.723,138,13935.911485
-4.5,144,13937.845551
8.34,163,13940.009388
9.327,159,13942.07585
8.806,168,13944.312153
10.206,167,14090.468448
10.696,142,14092.32076
7.319,158,14094.513338
5.448,152,14096.644373
10.219,174,14099.037063
7.114,160,14101.19911
12.807,160,14103.324137
7.643,153,14105.353134
7.921,142,14107.255473
10.924,164,14109.502775
10.871,134,14111.383398
7.009,146,14113.387549
10.203,164,14115.712759
6.411,161,14262.414696
8.519,166,14264.614636
11.168,142,14266.592512
8.066,161,14268.715378
11.22,157,14270.821262
6.23,146,14272.78352
11.113,141,14274.725168
10.878,150,14276.719979
10.663,132,14278.509885
12.326,146,14280.517735
11.364,137,14282.311926
9.507,149,14284.413787
10.356,146,14286.492796
11.22,137,14288.317907
3.665,157,14433.433953
8.113,147,14435.396677
12.862,161,14437.562315
12.986,165,14439.825877
9.13,147,14441.842985
8.325,143,14443.806701
9.211,155,14445.939522
10.309,145,14447.974984
9.933,144,14449.942754
6.949,149,14451.941865
12.276,172,14454.266423
11.369,150,14456.247781
7.033,155,14458.313721
7.048,152,14599.929669
13.27,160,14602.042037
10.31,130,14603.77995
6.427,136,14605.594211
9.906,166,14607.891195
11.476,146,14609.930168
9.658,136,14611.774554
11.146,161,14613.924499
9.455,138,14615.810349
10.95,143,14617.674301
9.612,157,14619.690429
4.812,149,14621.69698
9.446,145,14623.65869
11.275,161,14625.883703
9.318,142,14768.476673
10.368,159,14770.723212
12.341,147,14772.763288
11.69,155,14774.897744
10.8,152,14777.005787
9.15,156,14778.958756
8.852,160,14781.047298
10.735,151,14783.093895
9.8,135,14784.921846
9.242,161,14787.133112
6.736,160,14789.3055
7.517,174,14791.543246
11.726,154,14793.618056
11.687,160,14937.472962
10.985,151,14939.488294
9.006,141,14941.372437
11.12,178,14943.79329
9.798,159,14945.978919
10.696,142,14947.885149
10.456,127,14949.595209
10.12,148,14951.584366
6.712,148,14953.534897
10.855,141,14955.445577
11.327,176,14957.909074
-5.184,132,14959.696429
12.421,159,14961.819207
7.931,154,14963.937149
8.673,154,15107.76323
8.042,142,15109.689582
12.513,158,15111.870745
9.205,133,15113.763115
10.189,164,15115.987411
11.232,154,15118.07965
12.171,152,15120.072582
9.308,144,15121.920491
11.23,121,15123.53306
10.663,153,15125.628311
9.454,150,15127.730285
13.47,187,15130.187027
10.385,139,15132.013805
12.135,151,15133.98717
12.012,147,15277.625146
11.488,164,15279.883914
8.946,146,15281.894416
7.659,168,15284.165222
10.594,140,15286.125904
10.05,126,15287.824996
8.244,138,15289.629924
6.741,145,15291.587162
7.375,177,15293.967152
11.322,147,15295.995153
0.454,151,15298.007683
7.367,150,15299.996831
11.305,146,15301.935849
10.14,143,15448.937209
11.961,167,15451.225709
9.785,157,15453.376287
11.054,156,15455.542505
10.969,140,15457.293915
9.113,146,15459.229687
11.497,144,15461.176129
8.884,151,15463.29863
7.885,166,15465.59215
9.236,161,15467.801402
9.765,161,15469.890258
6.091,152,15471.987037
7.444,148,15474.046107
10.808,138,15475.809216
10.491,171,15621.678787
11.064,143,15623.610156
11.474,161,15625.819926
10.983,149,15627.822679
11.817,155,15629.972239
7.988,147,15631.95719
8.681,157,15634.079138
9.35,138,15636.000795
13.485,176,15638.310254
9.943,154,15640.31909
10.434,147,15642.342549
10.305,147,15644.228092
9.831,162,15646.417398
9.856,153,15791.290749
11.478,145,15793.253054
8.132,136,15795.159118
7.081,151,15797.117233
13.184,129,15798.894347
9.896,147,15800.912782
12.882,165,15803.128139
14.769,131,15804.917464
10.712,148,15807.05354
10.687,144,15808.98349
12.465,147,15810.94122
7.354,146,15812.885543
11.566,161,15815.063343
9.533,157,15817.21365
11.686,156,15964.646531
10.558,145,15966.570434
7.475,148,15968.522696
10.901,132,15970.303673
12.108,173,15972.521565
12.239,159,15974.566662
7.459,154,15976.599838
10.038,142,15978.507241
12.522,157,15980.499014
11.278,136,15982.421565
8.825,162,15984.55189
10.731,144,15986.492779
7.617,143,15988.460938
11.257,153,15990.510566
9.385,163,16136.881801
10.661,136,16138.719272
10.449,153,16140.809095
11.692,159,16142.960266
10.511,134,16144.687973
11.19,134,16146.520279
13.4,168,16148.823236
11.941,165,16151.055507
7.263,144,16153.003326
11.921,161,16155.249707
14.277,180,16157.769661
12.818,163,16159.905483
11.348,176,16162.325064
12.398,151,16309.141592
8.699,178,16311.622778
10.424,133,16313.434898
7.923,169,16315.671412
8.136,162,16317.941187
10.439,137,16319.789121
12.011,135,16321.703434
9.165,164,16324.038005
10.884,129,16325.795864
9.786,143,16327.677638
8.805,141,16329.580845
9.732,153,16331.748176
8.748,139,16333.600446
7.265,147,16477.539389
8.71,156,16479.621608
14.076,180,16482.040888
12.523,153,16484.070566
8.511,160,16486.26422
8.8,174,16488.643919
8.743,155,16490.757063
11.134,164,16492.973113
10.674,146,16494.945185
12.648,159,16497.046986
8.408,142,16498.964031
11.257,135,16500.849277
9.896,179,16503.329212
12.656,141,16647.611081
6.439,139,16649.492462
7.577,133,16651.335144
-3.99,151,16653.405397
6.438,144,16655.31428
9.86,154,16657.346658
10.679,147,16659.347989
-15.934,137,16661.185712
11.97,144,16663.18363
7.455,160,16665.470012
10.181,142,16667.295389
10.462,141,16669.163199
10.789,158,16671.360546
5.502,150,16673.361335
10.432,148,16816.5337
10.022,147,16818.476906
10.929,148,16820.458929
12.636,178,16822.997133
10.653,156,16825.124366
4.295,160,16827.215409
11.047,147,16829.120623
10.849,149,16831.144392
12.6,156,16833.285451
10.883,128,16834.95731
8.374,159,16837.032189
7.746,131,16838.937749
7.692,139,16840.770662
8.264,141,16842.687268
10.391,157,16987.278774
10.626,145,16989.25471
8.635,169,16991.538246
8.351,151,16993.647677
14.762,186,16996.126898
10.077,135,16997.922267
6.397,148,16999.876135
9.87,146,17001.733518
5.565,145,17003.663305
11.509,146,17005.656676
9.23,158,17007.716349
8.113,157,17009.82661
13.284,160,17012.006031
10.853,165,17157.983848
7.822,162,17160.234492
7.82,156,17162.333323
8.107,160,17164.399865
12.73,160,17166.519051
12.431,139,17168.379925
13.036,160,17170.507778
11.978,151,17172.526637
11.586,163,17174.730319
10.413,154,17176.84929
11.163,142,17178.766588
11.159,153,17180.822682
7.538,139,17182.683668
9.503,143,17184.589846
8.205,149,17329.843503
13.061,170,17332.132049
11.604,148,17334.135813
11.244,138,17335.94838
9.251,136,17337.819406
12.751,147,17339.681524
10.832,156,17341.819893
11.874,150,17343.890353
10.299,130,17345.657585
10.242,140,17347.523765
9.985,147,17349.408055
13.084,159,17351.475548
11.35,157,17353.5346
12.263,170,17501.977733
5.946,136,17503.838682
12.122,145,17505.737657
8.133,154,17507.765971
-4.798,153,17509.890669
12.137,132,17511.705876
10.26,144,17513.733561
12.413,173,17516.130515
10.385,158,17518.257366
9.884,140,17520.171922
9.677,173,17522.4975
11.832,155,17524.564759
10.701,147,17526.554482
12.844,159,17528.715991
8.702,167,17678.014839
11.012,148,17679.972302
10.038,153,17682.075742
8.984,137,17683.964133
11.874,155,17686.028499
11.596,141,17687.859292
10.493,142,17689.716861
9.71,163,17692.004312
12.137,155,17694.169865
8.078,169,17696.518039
10.875,144,17698.473207
11.135,166,17700.6732
11.537,160,17702.798827
10.525,136,17848.758665
9.203,136,17850.635473
8.104,152,17852.703714
6.836,154,17854.756953
5.313,146,17856.753445
11.825,178,17859.153932
7.359,150,17861.122242
9.756,150,17863.190973
10.62,153,17865.256266
7.304,129,17867.04161
10.767,153,17869.146024
9.699,150,17871.219471
7.164,143,17873.161464
12.606,156,17875.224903
12.281,142,18020.249462
9.063,142,18022.169376
8.317,123,18023.831329
11.292,127,18025.536914
10.87,157,18027.546825
7.892,137,18029.354254
8.106,155,18031.43959
9.812,170,18033.727448
8.791,144,18035.651764
13.811,190,18038.144259
12.731,171,18040.40961
10.689,162,18042.511882
10.577,149,18044.527943
9.485,157,18046.585749
11.189,169,18191.167025
9.027,134,18193.002073
11.61,153,18195.075349
5.609,153,18197.184626
10.305,145,18198.992665
12.429,159,18201.197291
11.986,157,18203.229215
10.298,141,18205.145162
13.804,168,18207.491572
9.283,155,18209.629562
10.908,144,18211.597042
8.477,139,18213.41132
12.243,147,18215.353216
10.246,151,18359.422384
7.329,140,18361.197364
8.326,154,18363.26683
7.88,143,18365.137255
11.601,157,18367.280707
12.011,161,18369.420301
13.148,171,18371.790969
10.91,148,18373.815128
9.34,146,18375.82101
9.15,157,18377.944093
10.875,155,18380.062083
9.878,127,18381.853031
11.343,147,18383.775004
9.026,146,18385.822887
12.1,155,18528.743857
15.468,177,18531.246531
7.85,146,18533.186195
9.199,174,18535.625115
12.904,160,18537.76399
13.037,149,18539.799733
12.853,171,18541.977217
10.231,160,18544.053761
5.804,155,18546.184693
8.889,147,18548.277386
7.121,135,18550.113454
8.622,170,18552.393183
11.783,155,18554.439833
11.226,138,18696.114013
9.034,167,18698.383173
11.351,165,18700.58216
11.818,137,18702.400631
10.652,146,18704.364771
11.027,170,18706.565881
11.464,155,18708.588995
11.999,156,18710.781559
8.867,175,18713.11688
11.988,165,18715.342711
6.524,163,18717.604097
7.72,151,18719.558433
9.158,152,18721.538569
12.646,168,18866.548961
9.943,145,18868.467268
9.373,143,18870.425154
9.682,165,18872.610612
10.893,119,18874.109409
9.182,156,18876.221908
11.161,143,18878.091159
10.16,150,18880.157153
11.939,156,18882.274228
9.702,132,18884.109468
10.592,140,18885.987578
9.437,142,18887.866204
11.252,163,18890.022448
9.744,143,18891.871368
10.819,137,19036.602822
12.129,165,19038.815745
8.286,150,19040.806281
11.724,162,19043.024422
8.038,142,19044.899816
7.142,152,19046.891563
11.712,166,19049.264046
13.843,131,19051.095155
10.182,155,19053.243412
10.942,153,19055.250572
5.998,145,19057.283502
7.951,160,19059.437084
11.5,174,19061.924537
9.375,142,19207.123803
10.843,152,19209.178578
10.772,150,19211.240434
11.281,139,19213.110499
10.237,146,19215.145192
10.73,148,19217.068825
7.032,146,19219.059555
9.254,135,19220.907812
8.522,151,19222.958838
11.406,149,19224.974447
7.131,139,19226.940246
5.127,140,19228.777474
10.998,139,19230.621296
10.766,154,19232.740229
10.73,153,19374.318136
9.435,145,19376.222049
8.366,140,19378.136319
9.892,163,19380.350831
11.219,139,19382.189821
8.037,158,19384.284875
11.944,140,19386.160532
13.984,149,19388.164277
12.917,181,19390.672383
7.628,172,19393.045136
13.364,170,19395.399517
7.41,148,19397.405972
11.545,170,19399.588187
11.179,177,19542.672698
12.419,179,19545.081041
9.172,157,19547.202307
9.971,138,19549.113502
10.872,148,19551.060472
12.529,151,19553.167253
-14.6,156,19555.340296
8.505,153,19557.466755
8.359,147,19559.534005
10.335,158,19561.755417
11.721,162,19564.014164
11.136,154,19566.095534
13.726,164,19568.365217
9.778,160,19711.438438
7.952,134,19713.334864
13.788,164,19715.472408
12.189,168,19717.72977
13.499,168,19719.99164
8.218,151,19722.058873
11.348,156,19724.230234
11.561,155,19726.195193
11.699,126,19727.96369
4.602,154,19730.145616
11.19,121,19731.770206
10.937,153,19733.814114
11.343,148,19735.900667
7.93,142,19737.793043
11.052,142,19879.630722
13.504,159,19881.809901
11.76,165,19884.060129
12.759,152,19886.071873
12.288,182,19888.565303
10.015,163,19890.85103
10.67,134,19892.589116
11.36,133,19894.407495
9.915,134,19896.13013
10.136,157,19898.212569
9.814,155,19900.304082
6.529,141,19902.16604
7.05,127,19903.81174
7.657,136,19905.684865
12.426,135,20050.285159
10.14,138,20052.060572
11.23,152,20054.126215
10.331,174,20056.418894
11.637,128,20058.191534
13.414,167,20060.28974
6.961,140,20062.098255
9.124,164,20064.287452
10.318,145,20066.201942
0.465,161,20068.332725
11.641,162,20070.498744
10.588,145,20072.387687
8.246,135,20074.048913
11.876,167,20221.813042
10.878,146,20223.863422
6.507,162,20226.078805
8.536,169,20228.29141
11.677,164,20230.462373
10.478,161,20232.64483
12.53,163,20234.794587
7.514,162,20237.003961
11.827,180,20239.460394
10.257,147,20241.404391
11.938,164,20243.608946
-2.444,148,20245.607783
9.452,158,20247.683852
11.068,141,20395.472135
9.19,158,20397.546109
10.658,154,20399.617571
11.106,176,20402.037921
8.453,163,20404.253583
11.695,162,20406.45107
15.052,185,20408.933087
11.681,157,20411.030945
11.638,134,20412.808179
10.498,166,20414.979671
11.672,138,20416.939397
11.257,156,20419.081579
11.581,147,20421.070935
11.944,149,20567.913096
10.797,134,20569.686466
8.614,138,20571.56323
11.725,141,20573.482155
10.549,148,20575.424766
5.567,174,20577.777728
9.93,161,20579.924552
10.109,162,20582.14957
12.216,167,20584.306194
5.123,123,20585.91275
9.792,143,20587.852928
7.906,148,20589.819252
5.785,148,20591.869842
8.474,156,20593.918331
9.988,144,20738.824879
9.267,145,20740.716594
11.015,138,20742.629247
9.144,147,20744.658119
12.781,164,20746.834709
7.744,162,20748.978517
8.79,153,20751.041287
10.099,143,20752.944753
9.082,160,20755.031348
11.3,139,20756.904532
6.797,140,20758.735124
10.74,151,20760.740698
9.459,129,20762.494606
11.626,144,20764.40031
9.669,142,20910.936344
13.345,142,20912.728016
11.638,169,20914.963878
12.164,142,20916.851423
10.652,160,20919.132117
7.183,146,20921.11496
13.755,161,20923.148658
12.677,160,20925.345293
5.706,159,20927.517848
9.08,154,20929.524766
7.373,149,20931.560467
10.305,170,20933.788243
10.169,150,20935.788562
11.025,149,21082.647798
11.887,162,21084.832046
5.175,157,21086.891487
11.808,164,21088.981676
10.44,138,21090.717487
12.42,150,21092.673258
5.495,136,21094.452564
11.299,152,21096.596978
12.917,144,21098.458715
12.286,151,21100.487657
6.908,145,21102.412985
11.073,140,21104.302653
11.354,174,21106.698377
10.411,149,21108.649684
4.361,205,21256.937878
12.529,163,21259.16471
11.64,157,21261.300463
11.102,151,21263.291749
9.657,166,21265.541457
6.076,148,21267.496354
9.408,146,21269.439314
10.27,151,21271.402544
10.374,137,21273.211863
-2.335,152,21275.25007
12.543,157,21277.274171
12.316,161,21279.390992
11.847,164,21281.50631
12.104,151,21431.675632
9.736,152,21433.703297
11.407,153,21435.687723
10.903,134,21437.415579
11.145,172,21439.659192
9.791,157,21441.648214
14.679,170,21443.889685
12.092,157,21445.895176
10.638,169,21448.167357
9.462,128,21449.9037
12.406,142,21451.909024
13.328,165,21454.219009
10.544,156,21456.268908
13.207,142,21604.576416
14.541,162,21606.704605
9.864,164,21608.758988
7.467,146,21610.750447
8.791,137,21612.511345
8.359,132,21614.167417
11.78,156,21616.238071
10.16,172,21618.575686
-5.307,168,21620.835994
14.235,162,21623.000705
10.038,182,21625.538094
11.823,129,21627.194527
10.356,173,21629.435935
